instance,variant,seed,seconds_budget,seconds_used,wallclock,NP,V_best,f_best,placed_best,H_max,D_max,n_evals,evals_per_sec,trial
syn_000,H0,1618,30.0,30.828400373458862,30.828668355941772,60,0.9373122024326637,0.9373207139025471,21,99.69067659223109,99.16233506485959,31,1.0055662838312192,0
syn_000,A1,1635,30.0,30.621909856796265,97.53523468971252,60,0.7870439818059511,0.78706648463188,49,99.90295418270598,99.81445292348009,90,2.93907207032109,0
syn_000,A2,1649,30.0,30.50423502922058,101.23669862747192,60,0.7643285420074141,0.7643545560429732,56,98.73048377563495,99.86596031197489,85,2.786498331086713,0
syn_000,A3,1665,30.0,30.048205375671387,92.3826093673706,60,0.7526257429012677,0.7526492498031212,51,99.59090173660073,99.71891291847058,88,2.92862748040352,0
syn_000,RS,1679,30.0,35.21631598472595,35.21659231185913,60,0.7440895575510549,0.7441150609146249,55,99.7331471124278,99.93049588748104,32,0.9086697204182023,0
syn_000,PSO,1618,30.0,64.38746094703674,64.38771772384644,60,0.781670895389497,0.7816883976089654,39,99.87105104199813,99.90700211590627,61,0.9473894311530133,0
syn_000,GA,1697,30.0,62.930076360702515,62.93036413192749,60,0.7648438027448964,0.7648668077180413,50,99.64516378881393,99.85752173260356,60,0.9534391736010631,0
syn_000,SA,1715,30.0,30.553505182266235,30.55385994911194,60,0.7170047023274331,0.7170277169010765,50,99.27028413655478,99.27235152264385,24,0.7855072554467499,0
syn_000,H0,101618,30.0,31.00870966911316,31.008992195129395,60,0.8925770134756459,0.8925850172103593,20,99.95893355149887,99.66759509551727,29,0.9352211139854693,1
syn_000,A1,101635,30.0,30.401373386383057,103.17693376541138,60,0.7855291174110798,0.7855521216142937,50,99.61536932145732,99.96430929620112,85,2.7959263195021307,1
syn_000,A2,101649,30.0,31.27534818649292,104.06863737106323,60,0.7583776763823856,0.7584026816962975,54,99.86226263897684,99.60634617318803,86,2.749769546519113,1
syn_000,A3,101665,30.0,31.111308097839355,109.82029104232788,60,0.7474837242084501,0.7475117395111436,60,98.81902549284396,99.65070514895137,85,2.732125558099023,1
syn_000,RS,101679,30.0,34.473870277404785,34.47424674034119,60,0.7851327537737152,0.7851557541337784,50,99.99044603971093,99.97354763888677,32,0.9282392647678368,1
syn_000,PSO,101618,30.0,77.01069736480713,77.01100730895996,60,0.7703095387410923,0.770334040312227,53,99.88731683024417,99.95556970717823,61,0.7920977485898757,1
syn_000,GA,101697,30.0,68.28502154350281,68.28533291816711,60,0.7396643351339124,0.739689340871664,54,99.99612179190349,99.43010303985916,60,0.8786700017627641,1
syn_000,SA,101715,30.0,30.5347683429718,30.535051345825195,60,0.7305068671462417,0.7305363751774134,63,99.69321965041874,99.50366318022225,17,0.556742393099337,1
syn_000,H0,201618,30.0,30.809696435928345,30.80998158454895,60,0.8371415391437532,0.8371510434915628,23,99.88598307642745,99.67923597767762,27,0.8763474854790937,2
syn_000,A1,201635,30.0,30.76808214187622,103.18845319747925,60,0.7922279761744143,0.7922529844410644,54,99.36482968822668,99.80850530354266,85,2.762603129049523,2
syn_000,A2,201649,30.0,31.430891275405884,98.08159732818604,60,0.7802219567367441,0.7802459653190866,52,99.22757463766153,99.91419110891637,88,2.799793337990973,2
syn_000,A3,201665,30.0,31.637362003326416,98.42846059799194,60,0.7501715014720054,0.7501955021180822,52,99.97944545250104,99.95594686897122,87,2.749913219403459,2
syn_000,RS,201679,30.0,35.04939842224121,35.049745321273804,60,0.7518894963872267,0.7519160008934662,57,99.69443315166706,99.85494289263468,32,0.9129971252143899,2
syn_000,PSO,201618,30.0,69.73611044883728,69.73647260665894,60,0.7423623657365245,0.742392868894419,65,99.81069108096654,99.87351946100361,61,0.8747261584764376,2
syn_000,GA,201697,30.0,67.6005289554596,67.60091972351074,60,0.7605195470388763,0.7605405494127977,46,99.91563675233009,99.84697109945913,60,0.887567019476025,2
syn_000,SA,201715,30.0,31.250453233718872,31.250779151916504,60,0.743732006559163,0.7437570109835056,54,99.96719603876622,99.59036971179992,23,0.7359893255942691,2
syn_000,H0,301618,30.0,30.09760570526123,30.097910404205322,60,0.8945731942178591,0.8945811959227555,20,99.84206712991741,99.98744322884316,26,0.8638560905678638,3
syn_000,A1,301635,30.0,30.450774431228638,94.18317222595215,60,0.7611101814296737,0.7611311874406289,46,99.82838093163127,99.5705235489963,85,2.7913904190505145,3
syn_000,A2,301649,30.0,30.101569652557373,98.62230205535889,60,0.7835063287727876,0.7835293364360427,50,99.83494666203647,99.39872782233493,88,2.9234355887658396,3
syn_000,A3,301665,30.0,30.416274070739746,99.41361856460571,60,0.764531388155045,0.7645603910885388,62,99.77537818347761,99.93127242992166,88,2.8931880280713087,3
syn_000,RS,301679,30.0,33.73112511634827,33.731340646743774,60,0.7591558546057429,0.7591783635466459,49,99.1100066622465,99.99590303013358,32,0.9486787022259968,3
syn_000,PSO,301618,30.0,67.24305582046509,67.243328332901,60,0.7385106386044316,0.7385336424798762,50,99.64019733554115,99.97225820562747,61,0.9071568692961595,3
syn_000,GA,301697,30.0,65.35410213470459,65.35436153411865,60,0.7539882276009651,0.7540107296637241,49,99.814278644522,99.97944545250104,60,0.9180755000861464,3
syn_000,SA,301715,30.0,30.87722945213318,30.87749481201172,60,0.7180088783862932,0.7180353882340293,57,99.62144579069096,99.39378059125859,32,1.0363624122950337,3
syn_000,H0,401618,30.0,30.08452582359314,30.084816217422485,60,0.7909932797795105,0.7910002936228269,18,99.38809373717461,99.22757463766153,31,1.0304300683273167,4
syn_000,A1,401635,30.0,30.688830852508545,1159.0975556373596,60,0.7779402831079529,0.7779667863826516,57,99.75677351430886,99.91575661567194,86,2.8023224610060455,4
syn_000,A2,401649,30.0,31.0531964302063,99.64129829406738,60,0.7617603141528013,0.7617823180930033,48,99.82183622234479,99.78414357902804,88,2.8338467570571892,4
syn_000,A3,401665,30.0,30.38014841079712,99.84293913841248,60,0.7868277094073193,0.7868527135564249,54,99.99218490065759,99.59290453192519,85,2.797879682832325,4
syn_000,RS,401679,30.0,35.68196940422058,35.6822350025177,60,0.7571760739156822,0.7571995766423438,51,99.73419434702335,99.99313948798208,32,0.8968114858653216,4
syn_000,PSO,401618,30.0,68.96798586845398,68.96825432777405,60,0.7851489478979056,0.785172953446682,52,99.7496446784614,99.69547767844787,61,0.8844683403738699,4
syn_000,GA,401697,30.0,70.46586203575134,70.46619129180908,60,0.7625710292857146,0.7625940323846002,50,99.94289801164169,99.7472134295512,60,0.8514761370485837,4
syn_000,SA,401715,30.0,30.85660433769226,30.856961727142334,60,0.713235421136374,0.7132589222196861,51,99.9930078099708,99.89866097651692,35,1.134279054719137,4
syn_001,H0,6182,30.0,31.087444067001343,31.087780475616455,60,0.8713647020023528,0.8713727035990605,20,99.85005992559061,99.99026930810412,32,1.0293544857220127,0
syn_001,A1,6199,30.0,30.4063937664032,92.9941816329956,60,0.7565699947926071,0.7565919964410918,48,99.88780270070367,99.94734884543311,89,2.9270159652519654,0
syn_001,A2,6213,30.0,30.24331760406494,94.61782455444336,60,0.7621100988784578,0.7621316080961262,47,99.74942929866668,99.32880385705964,89,2.942798841223613,0
syn_001,A3,6229,30.0,30.451733350753784,93.9619472026825,60,0.7705303029821864,0.7705548062663088,53,99.73671441857239,99.93487334738558,86,2.8241413718365957,0
syn_001,RS,6243,30.0,33.15153455734253,33.15169882774353,60,0.8128837179740205,0.8129057252656494,48,99.58258722268496,99.68824988750909,32,0.9652645172322051,0
syn_001,PSO,6182,30.0,62.28895592689514,62.28925967216492,60,0.738906644690682,0.7389296503452888,50,99.9870609407987,99.44747838510162,61,0.9793068304370375,0
syn_001,GA,6261,30.0,66.98502445220947,66.98528027534485,60,0.757808814336858,0.7578313187444535,49,99.71082464392589,99.84841580650021,60,0.8957225960678279,0
syn_001,SA,6279,30.0,30.3027560710907,30.303028106689453,60,0.6928174279723566,0.6928449298879928,59,99.8165372434397,99.99189913198617,22,0.7260065701082663,0
syn_001,H0,106182,30.0,30.16371726989746,30.164005994796753,60,0.8865983510598461,0.886606864005182,21,99.9149981680434,98.79046825200248,30,0.9945723775212266,1
syn_001,A1,106199,30.0,30.14831018447876,90.40414428710938,60,0.7592616276943173,0.7592836301415304,48,99.90521876918055,99.85005992559061,91,3.0184112954645625,1
syn_001,A2,106213,30.0,30.04719114303589,90.82243847846985,60,0.7663481931814523,0.7663672028105933,42,99.64470407363285,99.3923818259083,87,2.895445354138009,1
syn_001,A3,106229,30.0,30.9079692363739,92.22508502006531,60,0.7814964561121482,0.7815179570636435,47,99.98874498669672,99.91610549153776,90,2.911870375944464,1
syn_001,RS,106243,30.0,30.392728805541992,30.39298987388611,60,0.7918448009632282,0.7918658055026249,46,99.59996704507223,99.946093286695,32,1.0528834118430632,1
syn_001,PSO,106182,30.0,59.68954420089722,59.68980884552002,60,0.7734889375588875,0.7735139465855375,54,99.29092151592202,99.80641347555307,61,1.0219545284965181,1
syn_001,GA,106261,30.0,57.56828808784485,57.56857967376709,60,0.761877655319079,0.7618966627968035,42,99.94985059168889,99.30237696581443,60,1.042240476361648,1
syn_001,SA,106279,30.0,30.50413703918457,30.50439691543579,60,0.679497288330391,0.679521806438908,53,99.5399938886042,98.64915441074494,52,1.7046868079959967,1
syn_001,H0,206182,30.0,31.027530431747437,31.027767181396484,60,0.8503016557623767,0.8503091776172974,19,98.08130603123897,99.73320189199517,30,0.9668832672968369,2
syn_001,A1,206199,30.0,30.593240976333618,90.97752618789673,60,0.7642976948579068,0.7643171978621589,43,99.72172248618139,99.97785229650887,89,2.909139311812331,2
syn_001,A2,206213,30.0,31.072850942611694,93.4928925037384,60,0.7707404756235509,0.7707619807230645,47,99.72291486737821,99.76713376124208,90,2.8964191334171616,2
syn_001,A3,206229,30.0,30.841081619262695,90.51483201980591,60,0.7771706439831565,0.777193148623873,49,99.67053808460007,99.86539025608259,90,2.91818559125332,2
syn_001,RS,206243,30.0,33.71033716201782,33.710588455200195,60,0.7565600234401774,0.7565860273908066,56,99.99507076466966,99.60986631091106,32,0.9492637183129424,2
syn_001,PSO,206182,30.0,64.16719460487366,64.1674656867981,60,0.7681705641860151,0.7681930699857867,49,99.47660942592987,99.94341341408128,61,0.9506415291431005,2
syn_001,GA,206261,30.0,62.45638942718506,62.456746101379395,60,0.7548294324532295,0.7548474468920444,40,99.30659557774985,99.24952293138804,60,0.9606703261313425,2
syn_001,SA,206279,30.0,30.783930778503418,30.78430676460266,60,0.660349639290923,0.6603741424626468,53,99.97021311194653,99.71261451864356,25,0.8121120132409352,2
syn_001,H0,306182,30.0,30.558400869369507,30.55870532989502,60,0.8633588348558354,0.8633668398611138,20,99.71544923249802,99.78402292009235,27,0.8835540876441508,3
syn_001,A1,306199,30.0,30.049264669418335,91.37935066223145,60,0.7520559080227219,0.7520819092120993,56,99.9389956049121,99.94206666968152,88,2.928524240713256,3
syn_001,A2,306213,30.0,30.72266125679016,90.32315492630005,60,0.7993443514560532,0.7993648586666083,45,99.85005992559061,99.42888457243606,88,2.864335197542521,3
syn_001,A3,306229,30.0,30.34152841567993,98.04271793365479,60,0.7645388169701129,0.7645643253570615,55,99.68952148049227,99.47178364981934,90,2.966231587512569,3
syn_001,RS,306243,30.0,33.81683874130249,33.81707525253296,60,0.7253250640787796,0.7253530668900511,60,99.7448819072503,99.97399093964097,32,0.9462741400755631,3
syn_001,PSO,306182,30.0,65.31098532676697,65.31125020980835,60,0.7536696408510023,0.7536941500815978,53,99.18328235708574,99.89365809608496,61,0.9339929522545396,3
syn_001,GA,306261,30.0,60.341679096221924,60.34192228317261,60,0.7736039238305243,0.77362742612676,51,99.9467811004517,99.82359533155767,60,0.9943375938266968,3
syn_001,SA,306279,30.0,30.374236822128296,30.3745219707489,60,0.6521294181311651,0.6521554212579426,56,99.98487603205574,99.70244622540841,36,1.1852149639451421,3
syn_001,H0,406182,30.0,31.094233989715576,31.09447932243347,60,0.865186044940676,0.865194545670366,21,99.93137163194321,99.9956593694178,27,0.8683281925816296,4
syn_001,A1,406199,30.0,1628.3600006103516,1692.7411620616913,60,0.7529498857284036,0.752973389689791,51,99.95041361224598,99.65344765142362,72,0.04421626665664382,4
syn_001,A2,406213,30.0,30.368144989013672,96.93252182006836,60,0.784171479922896,0.7841984819535444,58,99.86161140599486,99.93532375675137,92,3.0294902778316875,4
syn_001,A3,406229,30.0,30.492804050445557,92.16345047950745,60,0.7870512477126425,0.7870807513055544,63,99.82110493925589,99.81960386372764,85,2.7875429186302725,4
syn_001,RS,406243,30.0,30.40662980079651,30.406943798065186,60,0.744490696858429,0.7445187009829214,60,99.67682528150726,99.91072546738852,32,1.052402065261496,4
syn_001,PSO,406182,30.0,72.03293180465698,72.03337955474854,60,0.7397074516507219,0.7397284546701104,46,99.9242148650756,99.77384628941999,61,0.8468348916496039,4
syn_001,GA,406261,30.0,79.02589988708496,79.02624201774597,60,0.7847201197950626,0.7847446224546268,53,99.79793273875256,99.93611083703095,60,0.7592447550199384,4
syn_001,SA,406279,30.0,31.004470109939575,31.00491738319397,60,0.7356550000068895,0.7356810046988979,56,99.70619101633355,99.8246081569927,24,0.7740819280219194,4
syn_002,H0,3366,30.0,30.869859218597412,30.870218992233276,60,0.8751076991662669,0.8751147058441018,18,99.5138682533177,99.81834825195608,18,0.5830930381812683,0
syn_002,A1,3383,30.0,30.90270709991455,130.52445459365845,60,0.7651023234629243,0.7651303266739743,60,99.94545959426013,99.73343540338864,85,2.7505680885877806,0
syn_002,A2,3397,30.0,30.564514636993408,111.06803512573242,60,0.7444856396629996,0.7445126444226711,58,99.8758011384253,99.6482317064488,82,2.6828497351877543,0
syn_002,A3,3413,30.0,31.36390447616577,105.91045188903809,60,0.8012405803232883,0.8012655909226332,54,99.58304112445101,99.35702438578818,84,2.678237974606565,0
syn_002,RS,3427,30.0,43.44103789329529,43.44132852554321,60,0.7241712345191889,0.7241952386387827,52,99.99798543376168,99.5900551832956,32,0.7366306504601009,0
syn_002,PSO,3366,30.0,86.11508655548096,86.1153917312622,60,0.7679764804145693,0.7680079890967426,67,99.52192308873848,99.60985957886601,61,0.7083543945659256,0
syn_002,GA,3445,30.0,81.26784110069275,81.26815676689148,60,0.7890451405049331,0.7890721450281247,58,99.70833388331616,99.83934695715756,60,0.7382994206239415,0
syn_002,SA,3463,30.0,30.937087535858154,30.93736505508423,60,0.6903206549398231,0.6903501573288153,63,99.86039995499203,99.90070080655566,22,0.7111205918947777,0
syn_002,H0,103366,30.0,30.555164575576782,30.555434703826904,60,0.8750678170441945,0.8750783211140383,25,99.83394767408149,99.75906793730329,23,0.7527369045292022,1
syn_002,A1,103383,30.0,31.227763652801514,111.4622585773468,60,0.7725424266730953,0.7725644274655192,48,99.98015845195914,99.94059914942031,83,2.6578912573700704,1
syn_002,A2,103397,30.0,31.414443731307983,115.47899866104126,60,0.7562579857849099,0.7562774862613802,43,99.98068682927315,99.97166613481537,82,2.610264268925376,1
syn_002,A3,103413,30.0,30.96966528892517,105.16544008255005,60,0.7604568154969821,0.7604813177089844,53,99.94997251847029,99.82882725371421,81,2.6154625580976427,1
syn_002,RS,103427,30.0,56.78246879577637,56.78284311294556,60,0.767163007520855,0.7671900130964113,58,99.92944386651791,99.5130004951478,32,0.563554221551921,1
syn_002,PSO,103366,30.0,86.26206159591675,86.26300525665283,60,0.7487087302101015,0.7487362354038555,59,99.77335981735698,99.7072647929413,61,0.7071474860610967,1
syn_002,GA,103445,30.0,82.81840682029724,82.81876277923584,60,0.7522786284725118,0.7523036305680613,54,99.84778591230553,99.94265913358598,60,0.7244766266778163,1
syn_002,SA,103463,30.0,30.33817434310913,30.338742971420288,60,0.6667574415886937,0.6667884454257237,66,99.89693464454336,99.7193623458536,15,0.4944265871228019,1
syn_002,H0,203366,30.0,31.0655357837677,31.065937519073486,60,0.8711410387797931,0.8711480435274634,18,99.9153733880117,99.60985957886601,23,0.740370298458458,2
syn_002,A1,203383,30.0,30.78597855567932,108.50987768173218,60,0.7469801338816012,0.7470041373440496,52,99.68703763597237,99.96671752221351,80,2.5985855819171872,2
syn_002,A2,203397,30.0,30.696269989013672,113.11755156517029,60,0.7637880031249022,0.7638160123136507,60,99.13461910977435,99.94650603839244,82,2.6713343357140187,2
syn_002,A3,203413,30.0,30.86567187309265,112.61572051048279,60,0.748453372653999,0.7484743826788703,46,99.7628071662314,99.234705695103,85,2.7538684513166,2
syn_002,RS,203427,30.0,43.638739585876465,43.6390700340271,60,0.7333078187245972,0.7333318219569054,52,99.9982913617444,99.67847781592316,32,0.733293406355776,2
syn_002,PSO,203366,30.0,80.6376838684082,80.63797998428345,60,0.7507175446478779,0.7507440545068762,57,99.94087055888832,99.07322960564039,61,0.7564701399353839,2
syn_002,GA,203445,30.0,83.1477062702179,83.1480302810669,60,0.7553206149047798,0.7553471206980835,57,99.7410299249028,99.67963969800043,60,0.7216073983449257,2
syn_002,SA,203463,30.0,31.08413338661194,31.08440065383911,60,0.7225256033150733,0.7225576074135106,68,99.9845161622342,99.60564010022037,23,0.7399273357225455,2
syn_002,H0,303366,30.0,30.603165864944458,30.603497982025146,60,0.8664131755970987,0.8664231773173275,24,99.95976774696173,99.86820936847167,24,0.784232589069868,3
syn_002,A1,303383,30.0,30.037222623825073,109.02507519721985,60,0.7497969363365722,0.749822443881198,55,99.94769929136434,99.29783812029292,82,2.7299461413905437,3
syn_002,A2,303397,30.0,30.126031398773193,103.87506413459778,60,0.742397084551404,0.7424220888736589,54,99.57753812130638,99.99023637597821,85,2.821480163612304,3
syn_002,A3,303413,30.0,30.06376004219055,103.50504779815674,60,0.7760012219887376,0.7760262292392478,54,99.55792797914296,99.71702100130308,85,2.8273243227298788,3
syn_002,RS,303427,30.0,38.40176057815552,38.40201258659363,60,0.7353858761545332,0.735408377887364,49,99.9978896730561,99.82882725371421,32,0.8332951280937598,3
syn_002,PSO,303366,30.0,824.3333208560944,824.3335738182068,60,0.7755358003705889,0.7755573108974361,47,99.07749886941303,99.86981640541936,61,0.07399919238573265,3
syn_002,GA,303445,30.0,78.59140253067017,78.59170198440552,60,0.755696550620013,0.7557205603635951,52,99.92610851710312,99.09953325655043,60,0.7634422858987037,3
syn_002,SA,303463,30.0,31.00176763534546,31.002108573913574,60,0.7118989868738081,0.7119279950522409,62,99.71864555033795,99.46351117684948,17,0.5483558292533652,3
syn_002,H0,403366,30.0,30.329500436782837,30.329805374145508,60,0.849821782385897,0.8498297857113858,20,99.8491028690613,99.81834825195608,21,0.692395182827731,4
syn_002,A1,403383,30.0,30.5479838848114,108.57724642753601,60,0.7749979558478317,0.7750224602646646,53,99.84332841472018,99.7149882986386,84,2.7497723030345447,4
syn_002,A2,403397,30.0,31.292956590652466,118.8065767288208,60,0.7860315039109316,0.7860510124609513,43,99.28863359938178,99.85636441863467,82,2.620397972382522,4
syn_002,A3,403413,30.0,30.315404653549194,117.97359371185303,60,0.75365920013292,0.7536832118576532,52,99.36061041426485,99.46691625552303,80,2.6389223866300577,4
syn_002,RS,403427,30.0,46.18350291252136,46.183764696121216,60,0.7618189346341417,0.761847438828977,61,99.70594377684948,99.87457270167167,32,0.6928881089988541,4
syn_002,PSO,403366,30.0,88.72347950935364,88.72386741638184,60,0.7154526944417904,0.7154762057108774,51,99.26355869398571,99.60953259536889,61,0.6875293928657193,4
syn_002,GA,403445,30.0,87.4828507900238,87.48317527770996,60,0.7954527560767338,0.7954777576693314,54,99.98154293513875,99.85919731301865,60,0.6858487058682152,4
syn_002,SA,403463,30.0,31.478853702545166,31.479223489761353,60,0.6785439456231394,0.678571950218349,60,99.60119234069218,99.93928669163193,17,0.5400450779001998,4
syn_003,H0,5532,30.0,30.67546510696411,30.675735235214233,60,0.9015124724243813,0.9015219740599772,23,99.86521388097286,99.97122653391799,26,0.8475829106205577,0
syn_003,A1,5549,30.0,30.921648263931274,118.45007419586182,60,0.7571788111198963,0.7571998171458609,46,99.53776440311923,99.85963912854464,81,2.6195240081843534,0
syn_003,A2,5563,30.0,30.498008966445923,116.3864254951477,60,0.7818281674399543,0.7818546822240465,57,99.26253957611044,99.25905120480232,81,2.655911082232176,0
syn_003,A3,5579,30.0,30.403974294662476,115.51209759712219,60,0.7543258616696625,0.7543498668446263,52,99.51127708928992,99.97122653391799,82,2.697015831065065,0
syn_003,RS,5593,30.0,40.28019189834595,40.28050875663757,60,0.7429227864729461,0.7429492918436087,57,99.53128626266738,99.93164747518307,32,0.7944351427311357,0
syn_003,PSO,5532,30.0,83.24382066726685,83.24404716491699,60,0.8139265930064798,0.8139526029225981,56,99.51678818921117,99.49159998961457,61,0.7327871247503472,0
syn_003,GA,5611,30.0,86.42096638679504,86.42114424705505,60,0.7835374004638889,0.7835659033521232,61,99.97122653391799,99.7399500392027,60,0.694275966915916,0
syn_003,SA,5629,30.0,30.1226806640625,30.122994899749756,60,0.7166468650856901,0.7166733701389804,57,99.99167896579016,99.50299200553779,20,0.6639515328348834,0
syn_003,H0,105532,30.0,31.056084871292114,31.056556940078735,60,0.8766160324263362,0.8766255358234946,23,99.97122653391799,99.6890576366028,24,0.772795415116389,1
syn_003,A1,105549,30.0,30.67635202407837,111.37624478340149,60,0.7595938331268799,0.7596218409910988,60,99.82823005595047,99.38534805650096,86,2.803462417320586,1
syn_003,A2,105563,30.0,30.564067363739014,103.67111277580261,60,0.7705307988925068,0.7705573024620261,57,99.93324755575713,99.70980050121086,84,2.748325312869091,1
syn_003,A3,105579,30.0,31.0051851272583,106.4544267654419,60,0.7925232192870031,0.7925472211498746,52,99.87674072296515,99.93697211487284,82,2.6447189288964914,1
syn_003,RS,105593,30.0,45.21541213989258,45.21565866470337,60,0.7543781818670845,0.7544001860078206,48,99.91379807922144,99.67212831256946,32,0.7077232847285515,1
syn_003,PSO,105532,30.0,87.22483038902283,87.22507929801941,60,0.7697477242169117,0.7697737303644094,56,99.61255215204712,99.77269807571406,61,0.6993421452118616,1
syn_003,GA,105611,30.0,77.47056794166565,77.47090744972229,60,0.7364178318360655,0.7364438391742919,56,99.284704369935,99.98147299270968,60,0.7744876744053204,1
syn_003,SA,105629,30.0,31.07468605041504,31.075472831726074,60,0.6947716242952017,0.6948001275364953,61,99.85182613167467,99.82404451135788,20,0.6436106858023389,1
syn_003,H0,205532,30.0,30.413865327835083,30.414236307144165,60,0.9179579123769179,0.9179669347107026,22,99.62187364671557,98.14474787902405,23,0.7562340318167373,2
syn_003,A1,205549,30.0,30.92832374572754,110.30985283851624,60,0.7794796301881085,0.779505634153301,56,99.68327156643603,99.92020918287999,83,2.6836242624195137,2
syn_003,A2,205563,30.0,30.75727915763855,111.5719985961914,60,0.7601192321028518,0.7601412382799978,48,99.97550899946998,99.40677640342672,83,2.698548189994465,2
syn_003,A3,205579,30.0,30.513482093811035,124.20444774627686,60,0.7640779134419199,0.7641019202952121,52,99.96724178041129,99.34742899581059,80,2.621791893630723,2
syn_003,RS,205593,30.0,48.817445516586304,48.81770944595337,60,0.7534381757727835,0.7534676803036925,63,99.84285538765441,99.70405370814011,32,0.6555033689570591,2
syn_003,PSO,205532,30.0,84.65644335746765,84.65674948692322,60,0.7543237965170333,0.7543493003283345,55,99.867787027686,99.75108285437862,61,0.7205594468742716,2
syn_003,GA,205611,30.0,82.8701171875,82.87050437927246,60,0.7450909979820645,0.7451150020925326,52,99.65536774891328,99.93358544508834,60,0.7240245583850858,2
syn_003,SA,205629,30.0,31.225207567214966,31.225510358810425,60,0.6909210122441645,0.6909505231253812,63,99.660947784068,99.25093053956711,21,0.6725335597784475,2
syn_003,H0,305532,30.0,30.15490484237671,30.155280113220215,60,0.8969239550529248,0.8969314590314662,19,99.9545296862552,99.64761616506553,23,0.7627283229784259,3
syn_003,A1,305549,30.0,30.58795690536499,115.75691032409668,60,0.784054685345283,0.7840747017821255,44,98.93723983704658,99.4190759167348,86,2.8115640500629837,3
syn_003,A2,305563,30.0,30.52549934387207,114.99281454086304,60,0.7334701246350687,0.7334961306594595,56,99.43739789902293,99.96016302050727,81,2.6535192459107333,3
syn_003,A3,305579,30.0,30.041242122650146,116.75983214378357,60,0.7798287644807319,0.7798562684352314,59,99.75289370165711,99.85165635758932,79,2.6297181613684506,3
syn_003,RS,305593,30.0,46.18256688117981,46.182868242263794,60,0.7190292725495075,0.7190507908360441,47,98.37288054593358,99.79846580336034,32,0.6929021525011974,3
syn_003,PSO,305532,30.0,84.83894515037537,84.83964157104492,60,0.7619310234980043,0.761958026888734,58,99.9420142601599,99.71891275916505,61,0.7190094112070665,3
syn_003,GA,305611,30.0,86.87581658363342,86.87614059448242,60,0.8056967109422041,0.80572271299411,56,99.93859680781152,99.8562125974559,60,0.6906409903179366,3
syn_003,SA,305629,30.0,31.449230432510376,31.44950842857361,60,0.601955422303236,0.6019844254466489,62,99.73395630166166,99.95170240380722,18,0.5723510481004538,3
syn_003,H0,405532,30.0,30.389339923858643,30.389723777770996,60,0.9094872486193757,0.9094972491342145,24,99.9772895944703,99.97122653391799,24,0.7897506184778177,4
syn_003,A1,405549,30.0,30.86113953590393,113.33003878593445,60,0.7903613037903903,0.7903858069915545,53,99.9420142601599,99.73786931441116,82,2.657063259268213,4
syn_003,A2,405563,30.0,30.16982340812683,118.088214635849,60,0.7631984872594149,0.7632224957353011,52,99.78938983069946,99.36302153943763,81,2.6848019262247678,4
syn_003,A3,405579,30.0,30.659255743026733,112.73650002479553,60,0.7820879073526862,0.782114414889223,57,99.78597771474509,99.460368605697,82,2.6745593789780893,4
syn_003,RS,405593,30.0,44.03451108932495,44.03477597236633,60,0.7775225313268496,0.7775465343369057,52,99.97438544352545,99.72460893248098,32,0.7267027431072713,4
syn_003,PSO,405532,30.0,83.16532921791077,83.16633534431458,60,0.7693203324368862,0.7693423383065411,48,99.55444252278527,99.85859199071717,61,0.7334787293412509,4
syn_003,GA,405611,30.0,82.14629435539246,82.14667201042175,60,0.7403720734804791,0.7403985786839407,57,99.71020094957902,99.76945288270394,60,0.7304042193360525,4
syn_003,SA,405629,30.0,30.018974781036377,30.019317150115967,60,0.7104883747812697,0.7105178785500078,63,99.71307484936428,99.91005132997556,23,0.7661820621045855,4
syn_004,H0,9422,30.0,30.410017490386963,30.410349369049072,60,0.9106012597725349,0.910610773536951,23,99.98006799724594,98.64349039268072,22,0.7234458186995293,0
syn_004,A1,9439,30.0,31.558318614959717,108.72417974472046,60,0.7903221378161553,0.7903476415065653,55,99.96223273698901,99.66872625703824,87,2.756800863236074,0
syn_004,A2,9453,30.0,30.193076610565186,97.90782308578491,60,0.7617825348159377,0.761803541490052,46,99.35387080107236,99.97871777689264,88,2.9145754549970895,0
syn_004,A3,9469,30.0,30.52470111846924,96.07161784172058,60,0.7888796735093643,0.788904683111992,54,99.64357735464657,99.39615986738018,88,2.882911110528608,0
syn_004,RS,9483,30.0,36.03229260444641,36.032517194747925,60,0.768369169980091,0.7683991728033873,64,99.87460834995254,99.8430620172396,32,0.8880922552247252,0
syn_004,PSO,9422,30.0,72.0382628440857,72.03851246833801,60,0.7618905859870791,0.7619205870976801,64,99.90489805337245,99.98404185829173,61,0.846772223422765,0
syn_004,GA,9501,30.0,80.30010676383972,80.30042362213135,60,0.783092033973069,0.7831150440040096,50,99.44416701270254,99.55273894676019,60,0.7471970140271202,0
syn_004,SA,9519,30.0,30.12826418876648,30.128546237945557,60,0.6472082936807807,0.6472337966456561,55,99.7979064745048,99.90560598253077,22,0.7302113345183306,0
syn_004,H0,109422,30.0,31.137006282806396,31.137494325637817,60,0.9401111587759173,0.9401236589326981,29,99.9923902200406,99.99193169721977,25,0.802903136317405,1
syn_004,A1,109439,30.0,30.18934178352356,99.38385701179504,60,0.7625776656102036,0.7626021686451232,53,99.80227888718036,99.89422915273953,91,3.014308846232119,1
syn_004,A2,109453,30.0,30.58254599571228,94.17223119735718,60,0.7754553412383458,0.7754813432610559,56,99.9686856035696,99.82904339224172,87,2.8447598840265793,1
syn_004,A3,109469,30.0,30.327596187591553,92.26565361022949,60,0.7652450093568833,0.7652695111376352,53,99.99604551785247,99.82587929896826,88,2.901647709092254,1
syn_004,RS,109483,30.0,37.06130242347717,37.061564683914185,60,0.7685369219835358,0.768567928294913,66,99.68363000091107,99.68523226948862,32,0.8634343076871741,1
syn_004,PSO,109422,30.0,72.19017219543457,72.19092607498169,60,0.7801032524177417,0.7801317552252538,61,99.88368642922126,99.83556236581185,61,0.8449903656533699,1
syn_004,GA,109501,30.0,68.87182688713074,68.87211513519287,60,0.7817058680376339,0.7817313821069913,55,99.55109920944486,99.04196504180074,60,0.8711835116313937,1
syn_004,SA,109519,30.0,30.10349130630493,30.10383629798889,60,0.698631044157708,0.6986560528223877,54,99.15258546324992,99.98094656379325,27,0.8969059344404039,1
syn_004,H0,209422,30.0,31.1676607131958,31.167962789535522,60,0.878025325490604,0.8780323357040887,18,99.33507417615758,99.64357735464657,29,0.93045160709549,2
syn_004,A1,209439,30.0,31.048479795455933,101.43914580345154,60,0.7863239072525733,0.7863454096429482,47,99.93717426530324,99.82378823687466,88,2.8342772522112063,2
syn_004,A2,209453,30.0,30.463759422302246,99.80915927886963,60,0.7628508357441848,0.7628753403630399,53,99.6306811360327,99.90743334670148,87,2.8558523849262043,2
syn_004,A3,209469,30.0,30.71735692024231,99.8624222278595,60,0.7788213433214305,0.7788473496344973,56,99.37815822162007,99.99053510023934,88,2.8648298168521533,2
syn_004,RS,209483,30.0,37.41522574424744,37.41544985771179,60,0.7952228500709375,0.7952488570125604,56,99.45289051859272,99.85294718613137,32,0.8552667894812843,2
syn_004,PSO,209422,30.0,68.76899576187134,68.76923489570618,60,0.7667359193703155,0.7667634295873471,59,99.40361428258015,99.57468255941549,61,0.8870276397699147,2
syn_004,GA,209501,30.0,67.98291683197021,67.98324203491211,60,0.7515088032224122,0.751533804278939,54,99.89677755709678,99.99756976261874,60,0.8825746642836587,2
syn_004,SA,209519,30.0,30.81731128692627,30.81765580177307,60,0.6957452243353821,0.6957767299353,67,99.75313426246723,99.68687394939973,20,0.6489858837388149,2
syn_004,H0,309422,30.0,30.380594730377197,30.380980968475342,60,0.8910461953380505,0.8910547038676282,21,99.64357735464657,99.5034648765422,30,0.987472439767723,3
syn_004,A1,309439,30.0,30.82909369468689,100.00546288490295,60,0.7842198180756259,0.7842423232903343,49,99.56718254336823,99.91134661459863,86,2.7895727604480736,3
syn_004,A2,309453,30.0,30.353448152542114,97.68859839439392,60,0.7696224433055175,0.7696484470216798,56,99.79817390790507,99.830209880733,86,2.8332860098070096,3
syn_004,A3,309469,30.0,30.92945122718811,95.2017068862915,60,0.7706482739239777,0.7706717754453997,51,99.92195486281464,99.9259029441216,86,2.780521366780762,3
syn_004,RS,309483,30.0,38.227829933166504,38.2280535697937,60,0.7737241912325505,0.7737441947110556,44,99.86191051044646,99.79023898642518,32,0.8370864905474733,3
syn_004,PSO,309422,30.0,72.4821298122406,72.48244333267212,60,0.7665721317941734,0.766598134359046,56,99.77966273943551,99.96384999937551,61,0.8415867491479048,3
syn_004,GA,309501,30.0,70.41271924972534,70.41300749778748,60,0.7480530267895219,0.7480745332345292,47,99.54677125959344,99.8087279998429,60,0.8521187739846312,3
syn_004,SA,309519,30.0,30.31735062599182,30.31765913963318,60,0.7288287439890265,0.7288562492781017,59,99.51499850638052,99.95609397871668,27,0.8905791384307911,3
syn_004,H0,409422,30.0,30.874563217163086,30.87485432624817,60,0.9038814858801136,0.9038934920853907,28,99.86489088628116,99.5145813920917,26,0.8421171764317193,4
syn_004,A1,409439,30.0,30.548659801483154,97.07333946228027,60,0.7605103302044247,0.7605393411553003,62,99.36849294132776,99.5364194928719,89,2.9133847631403786,4
syn_004,A2,409453,30.0,30.32537603378296,93.80339574813843,60,0.7667927158354725,0.7668172189180804,53,99.72788921202975,99.96384999937551,88,2.9018601418813925,4
syn_004,A3,409469,30.0,30.011971473693848,96.37292575836182,60,0.7854263039420354,0.7854528097586213,57,99.64249503992349,99.77584636642204,87,2.8988432191553097,4
syn_004,RS,409483,30.0,35.0930700302124,35.09329676628113,60,0.7498059862095772,0.7498319914985332,56,99.79476598395377,99.67633842007649,32,0.9118609449800342,4
syn_004,PSO,409422,30.0,69.13325119018555,69.13354325294495,60,0.7522850725805373,0.7523125785258681,59,99.50436571156354,99.90110121365119,61,0.8823539895757112,4
syn_004,GA,409501,30.0,68.56474590301514,68.56503105163574,60,0.7654917302257682,0.7655177363182925,56,99.64481490596944,99.74593267329027,60,0.8750852819446021,4
syn_004,SA,409519,30.0,30.40305495262146,30.40334916114807,60,0.6970903968471874,0.697118902434372,61,99.797704192989,99.64357735464657,22,0.7236114934595769,4
syn_005,H0,9815,30.0,30.37618327140808,30.37653398513794,60,0.8870526604056832,0.8870636748622284,26,99.83918521681903,98.71516027263345,26,0.8559337349163543,0
syn_005,A1,9832,30.0,30.131494760513306,98.88670706748962,60,0.7683955924924445,0.7684250931538784,63,99.94184380298029,99.9920128060294,85,2.820968580403476,0
syn_005,A2,9846,30.0,30.492039442062378,98.34100365638733,60,0.7567375352801707,0.7567655401662139,60,99.6054603200139,99.90593536344899,86,2.820408263061831,0
syn_005,A3,9862,30.0,30.102368354797363,99.24161100387573,60,0.767589229987806,0.7676172340221096,60,99.67746275087983,99.91910689145894,87,2.8901380441095745,0
syn_005,RS,9876,30.0,42.218761920928955,42.21904373168945,60,0.7518537469938179,0.7518832568799593,63,99.08867560477037,99.92271025160902,32,0.7579568548204336,0
syn_005,PSO,9815,30.0,71.94214844703674,71.94247341156006,60,0.7437670250765835,0.7437925419462976,55,98.33977534946887,99.97325324008803,61,0.8479035074259387,0
syn_005,GA,9894,30.0,75.3152494430542,75.31553888320923,60,0.7898065560271851,0.7898285611811627,48,99.53680541525549,99.94779682201033,60,0.7966514144703982,0
syn_005,SA,9912,30.0,30.682525396347046,30.682822465896606,60,0.6586538421809859,0.6586833454234959,63,99.70073130309859,99.97501768315333,27,0.8799797165071206,0
syn_005,H0,109815,30.0,30.167299509048462,30.16761875152588,60,0.8270086312477983,0.827018637623307,24,99.90913398640312,99.4533151512935,26,0.86186037275897,1
syn_005,A1,109832,30.0,30.64793062210083,99.20412182807922,60,0.7593663524564735,0.7593928548093932,57,99.83644120734834,99.9282668332715,86,2.8060622121737544,1
syn_005,A2,109846,30.0,30.987669706344604,102.99196457862854,60,0.7559642101886631,0.7559892135822553,54,99.69823295363376,99.96240781358189,86,2.775297426846906,1
syn_005,A3,109862,30.0,30.603116273880005,103.42615127563477,60,0.758435363653845,0.7584633696186399,60,99.71163193130238,99.69188857940797,87,2.8428477420861604,1
syn_005,RS,109876,30.0,34.08450412750244,34.084731578826904,60,0.755083555241133,0.7551090655040885,55,99.05556023446412,99.91814420926329,32,0.9388430554921737,1
syn_005,PSO,109815,30.0,67.38425779342651,67.38449788093567,60,0.7664585387237204,0.766485041134964,57,99.8216680665415,99.93720758057475,61,0.9052559454910356,1
syn_005,GA,109894,30.0,72.25486493110657,72.25531601905823,60,0.7730773399108385,0.773105843375785,61,99.71207830669145,99.94142705002282,60,0.830393912675758,1
syn_005,SA,109912,30.0,30.890880584716797,30.89113688468933,60,0.6532405273062487,0.6532670355752976,57,99.27881644967147,99.89427866377386,22,0.7121842946388669,1
syn_005,H0,209815,30.0,30.174795627593994,30.175078868865967,60,0.848176664843961,0.8481871738252028,25,99.71420612038159,99.38766968929002,26,0.8616462666684556,2
syn_005,A1,209832,30.0,30.115594387054443,104.92095470428467,60,0.7559196852735165,0.7559481904093515,61,99.73360243205904,99.75281407162879,83,2.756047213721226,2
syn_005,A2,209846,30.0,30.249573945999146,100.16844415664673,60,0.7650769149657936,0.7651044212502076,59,99.58890196660077,99.78265662305502,86,2.8430152488602074,2
syn_005,A3,209862,30.0,30.450344562530518,99.83835029602051,60,0.757511773584987,0.7575302791523688,41,99.5558350127707,99.88742680287558,86,2.8242701761025044,2
syn_005,RS,209876,30.0,36.514147996902466,36.514400005340576,60,0.7302853685488445,0.7303123730828787,58,99.61559983662417,99.9309967480697,32,0.8763726324030509,2
syn_005,PSO,209815,30.0,76.15709376335144,76.15732336044312,60,0.7596326752309231,0.7596606771120532,60,99.94202785937196,99.86985912471485,61,0.800975943088766,2
syn_005,GA,209894,30.0,68.054123878479,68.05442380905151,60,0.7518215601611884,0.7518510753124406,63,98.6917899266034,99.79308484734233,60,0.8816512002584757,2
syn_005,SA,209912,30.0,30.859819173812866,30.860111236572266,60,0.692271527108604,0.6922985319519724,58,99.70786502189075,99.80779812181703,33,1.0693516969147783,2
syn_005,H0,309815,30.0,30.26523208618164,30.265524864196777,60,0.8833943085160845,0.8834068154510933,29,99.8881387465802,99.41836036892539,28,0.9251539826381874,3
syn_005,A1,309832,30.0,30.157025575637817,95.32543087005615,60,0.7542313339688259,0.75425683597723,55,99.91783753662533,99.88132205205858,88,2.9180596667030154,3
syn_005,A2,309846,30.0,30.62745952606201,93.84359192848206,60,0.7841316969401906,0.7841597065376186,60,99.2408142365841,99.79944296381048,90,2.938539512995381,3
syn_005,A3,309862,30.0,30.42768096923828,95.78880310058594,60,0.787006908564767,0.7870354140290902,61,99.6815179073703,99.77204978234629,87,2.859238602112172,3
syn_005,RS,309876,30.0,34.548967599868774,34.54921245574951,60,0.7560744825061451,0.756103984249364,63,99.90067352236761,99.92500458384626,32,0.9262215985904466,3
syn_005,PSO,309815,30.0,70.16037797927856,70.16062831878662,60,0.7703843062279603,0.7704133067036372,62,99.96380426524468,99.98862804395861,61,0.869436593086998,3
syn_005,GA,309894,30.0,1432.4920098781586,1432.4922831058502,60,0.7493028098256735,0.7493248122602829,48,99.89544043220376,99.86109863939865,60,0.04188505037811927,3
syn_005,SA,309912,30.0,31.384257793426514,31.38440704345703,60,0.7118116218549145,0.7118426267033648,66,99.93539806465843,99.579756899335,18,0.5735359465397372,3
syn_005,H0,409815,30.0,31.119946241378784,31.120282649993896,60,0.8366635835720758,0.8366720951039249,21,99.89488940765786,98.95192568181098,24,0.7712095584563795,4
syn_005,A1,409832,30.0,31.12227463722229,100.74365043640137,60,0.7964618315999918,0.7964863370148361,53,99.96768645571488,99.49082913000495,90,2.891819478141866,4
syn_005,A2,409846,30.0,31.219663858413696,104.22299456596375,60,0.7684671524927184,0.7684931617180213,56,99.8843707562947,99.19309895713157,86,2.7546741178900622,4
syn_005,A3,409862,30.0,30.10131335258484,95.98006820678711,60,0.802720117935903,0.802743131290619,50,99.83437612374412,98.83015228489337,87,2.890239338760586,4
syn_005,RS,409876,30.0,38.60558104515076,38.60584545135498,60,0.7578999224827387,0.7579304285846475,65,99.52170413681627,99.86810498767944,32,0.8288956967795598,4
syn_005,PSO,409815,30.0,71.80813598632812,71.80848860740662,60,0.7988988757839447,0.7989223808790069,51,99.59684506499434,99.89364871552873,61,0.8494859135685414,4
syn_005,GA,409894,30.0,66.55720925331116,66.55750703811646,60,0.79119054922741,0.7912160521074214,55,99.85514926005105,99.85684959256415,60,0.9014801052076121,4
syn_005,SA,409912,30.0,30.637959480285645,30.638280868530273,60,0.7140052863056929,0.7140297995311551,53,98.98011750742984,99.69733628292352,25,0.8159812345233547,4
syn_006,H0,7251,30.0,30.133815050125122,30.13412857055664,60,0.8765688420391446,0.8765758526922742,18,99.59430662751575,99.34038042459669,31,1.0287446162536689,0
syn_006,A1,7268,30.0,30.464742422103882,88.49634909629822,60,0.7590867884939292,0.7591087913836705,48,99.80178291663636,99.90924295520138,90,2.9542347265900384,0
syn_006,A2,7282,30.0,30.511620044708252,88.74160265922546,60,0.7562622425534636,0.756285246879124,50,99.68925216922453,99.87818180073418,89,2.9169214833427244,0
syn_006,A3,7298,30.0,30.106878519058228,82.85368371009827,60,0.7761682032595977,0.7761917067678731,51,99.65643472994952,99.99273773324127,93,3.0889950926373597,0
syn_006,RS,7312,30.0,58.04650282859802,58.0467586517334,60,0.7729327519583973,0.7729537603945655,46,99.55979684987611,99.59658632487218,64,1.1025642697025468,0
syn_006,PSO,7251,30.0,59.77573013305664,59.77601718902588,60,0.7751147175592826,0.7751347199028418,44,99.84088685539744,99.92475722341075,61,1.020481052497698,0
syn_006,GA,7330,30.0,58.9962043762207,58.99646592140198,60,0.7783868607144371,0.7784098638349527,50,99.70028147601391,99.98766696793265,60,1.0170145797410637,0
syn_006,SA,7348,30.0,30.53343391418457,30.533792734146118,60,0.7227541823351706,0.7227781938415985,52,99.58904863642965,99.26030856858856,29,0.9497785306921472,0
syn_006,H0,107251,30.0,30.472942352294922,30.47323441505432,60,0.8594665252469271,0.8594750320709766,21,99.890176165715,99.42741888390312,31,1.0172959224485714,1
syn_006,A1,107268,30.0,30.188973665237427,85.99207663536072,60,0.758239582063104,0.7582620871086322,49,99.9193426341109,99.57610454763172,90,2.9812209251629813,1
syn_006,A2,107282,30.0,30.769460916519165,91.9418044090271,60,0.7533564964451559,0.7533765052150145,44,99.52379697479662,99.59921716235752,94,3.054977149422021,1
syn_006,A3,107298,30.0,30.472949504852295,84.68540596961975,60,0.767629347043369,0.7676523520195674,50,99.8307763434537,99.6716038267511,90,2.9534390816244764,1
syn_006,RS,107312,30.0,60.77840065956116,60.77863430976868,60,0.7854590833724974,0.785479087793352,44,99.67099547043925,99.88691907058288,64,1.0530056616409509,1
syn_006,PSO,107251,30.0,60.305946826934814,60.30619025230408,60,0.7679132276755656,0.7679357340147581,49,99.62300554913213,99.74307520276787,61,1.0115088678577084,1
syn_006,GA,107330,30.0,61.63049507141113,61.6308159828186,60,0.7577746004580295,0.757798130094012,51,99.47190860150295,97.56449314721223,60,0.9735440211940228,1
syn_006,SA,107348,30.0,30.92605423927307,30.926387071609497,60,0.7743057370712283,0.7743312400596526,55,99.7056510833566,99.99550648375616,35,1.1317318313292426,1
syn_006,H0,207251,30.0,30.523489713668823,30.523863554000854,60,0.8924758614924216,0.8924828686121817,18,99.53727453819285,99.75074945931443,32,1.0483729186990691,2
syn_006,A1,207268,30.0,30.124898672103882,86.30171942710876,60,0.7625499672372711,0.7625699685521715,44,99.97974408473424,99.88876587042972,93,3.0871473133325233,2
syn_006,A2,207282,30.0,30.367517471313477,91.83162045478821,60,0.7640039958230873,0.7640280223036492,52,98.8807378463844,98.47120597198492,90,2.963693034342305,2
syn_006,A3,207298,30.0,30.193270683288574,85.28222274780273,60,0.7754380353430853,0.7754630359233912,54,99.96666098099485,99.9753084269999,90,2.980796646512806,2
syn_006,RS,207312,30.0,31.578396320343018,31.578678131103516,60,0.8017580786611034,0.801781582001905,51,99.78757410904232,99.87834574201347,32,1.0133510161624446,2
syn_006,PSO,207251,30.0,61.468488454818726,61.468804597854614,60,0.7613317732702958,0.7613527744792706,46,99.9216776354481,99.95742488196682,61,0.9923783963686844,2
syn_006,GA,207330,30.0,61.72783350944519,61.72829461097717,60,0.779280102489997,0.7793076057943128,59,99.86541620895858,99.80415220814588,60,0.9720088425073139,2
syn_006,SA,207348,30.0,30.1676082611084,30.167922735214233,60,0.680881821989664,0.6809068254799929,54,99.9352469755554,99.71572012646651,34,1.1270366449246247,2
syn_006,H0,307251,30.0,30.248859405517578,30.249152183532715,60,0.8922692436453848,0.8922782536872048,22,99.06734388039318,99.92847411702316,34,1.1240093235977748,3
syn_006,A1,307268,30.0,31.1107976436615,88.74359607696533,60,0.7634932189189882,0.7635132316332918,44,99.2096279069528,99.51894174407892,91,2.925029471834847,3
syn_006,A2,307282,30.0,30.19955062866211,90.63499569892883,60,0.7322528212472157,0.7322763238160437,51,99.97998667929149,99.7631305239393,92,3.046402945899588,3
syn_006,A3,307298,30.0,30.570607662200928,92.5828595161438,60,0.769603506018286,0.7696255121469022,48,99.99000525669616,99.39713312107557,89,2.9112931278119203,3
syn_006,RS,307312,30.0,62.87290930747986,62.873127460479736,60,0.7391730925066891,0.739195100302634,48,99.9591980166011,99.26120749055443,64,1.0179264917900985,3
syn_006,PSO,307251,30.0,57.439589738845825,57.43990111351013,60,0.7799655382661265,0.7799865413112925,46,99.98740957434971,99.70807382341197,61,1.0619853010326483,3
syn_006,GA,307330,30.0,60.255515813827515,60.25583338737488,60,0.7637498275522775,0.7637718400474075,48,99.65909267661337,99.09139431792897,60,0.9957594618455017,3
syn_006,SA,307348,30.0,30.371349573135376,30.371822357177734,60,0.6529602443974655,0.652980750413925,45,99.4801854923253,99.91816856074702,58,1.9096945251093889,3
syn_006,H0,407251,30.0,30.48251485824585,30.482892274856567,60,0.9093555377499111,0.9093645434624066,22,99.5347168691574,99.89403358139434,31,1.016976458279792,4
syn_006,A1,407268,30.0,30.60897421836853,90.28304076194763,60,0.7644499841712732,0.764471986273815,48,99.89104207209219,99.89870375298267,90,2.940314149632324,4
syn_006,A2,407282,30.0,30.36576533317566,90.60652995109558,60,0.7496981827590413,0.7497211863868276,50,99.72773812827454,99.90948325161084,92,3.0297276880911275,4
syn_006,A3,407298,30.0,30.765414476394653,84.4717664718628,60,0.7566737214131074,0.7566972259023659,51,99.61398345367115,99.93709070390635,94,3.0553789571768415,4
syn_006,RS,407312,30.0,56.00518727302551,56.00550436973572,60,0.8041297103047332,0.8041502190711536,45,99.73830833192739,99.38504963951607,64,1.1427512899474783,4
syn_006,PSO,407251,30.0,58.02973389625549,58.02993726730347,60,0.783559844168661,0.7835823491513256,49,99.7132075403596,99.78852599862809,61,1.0511852442586536,4
syn_006,GA,407330,30.0,53.62802600860596,53.628291606903076,60,0.7526582215054787,0.7526787215827143,45,99.99522735505374,99.99704909107301,60,1.118817985028416,4
syn_006,SA,407348,30.0,30.64995241165161,30.65022921562195,60,0.7612971707011778,0.7613191751342266,48,99.71528279752958,99.84141232035762,48,1.5660709470384937,4
syn_007,H0,4875,30.0,30.63653874397278,30.636831045150757,60,0.9077909576041024,0.9077974587026727,17,99.93342049795747,99.95672248216458,39,1.2729897566405928,0
syn_007,A1,4892,30.0,30.589752674102783,79.34315752983093,60,0.7613345028437689,0.7613590073513018,53,99.96627352915371,99.582973184428,96,3.1383058576107214,0
syn_007,A2,4906,30.0,30.094163179397583,79.64216303825378,60,0.7883499207657472,0.7883709337318491,46,99.49478689620526,99.20860291233375,99,3.28967445978944,0
syn_007,A3,4922,30.0,30.606009006500244,224.40194368362427,60,0.7636727377992257,0.7636977507310733,54,99.03409433876601,99.67272091306673,97,3.1693122739197617,0
syn_007,RS,4936,30.0,52.43952012062073,52.439757347106934,60,0.778661349399387,0.7786833507517658,48,99.87995772851525,99.98480440700622,64,1.2204535787663198,0
syn_007,PSO,4875,30.0,51.29580283164978,51.29604697227478,60,0.7696164760693738,0.7696394783489227,50,99.94772978348381,99.82431534129732,61,1.189181114879884,0
syn_007,GA,4954,30.0,48.333799839019775,48.33405804634094,60,0.7819105856959715,0.7819330910259955,49,99.71158221664288,99.75541538021535,60,1.241367328863768,0
syn_007,SA,4972,30.0,30.072718620300293,30.073001861572266,60,0.7542857821481295,0.7543112839581501,55,99.8787277435964,99.94027019629745,44,1.4631201307585884,0
syn_007,H0,104875,30.0,30.556596279144287,30.556899070739746,60,0.9268829271958624,0.9268929316404313,24,99.93342049795747,99.62212261433835,39,1.2763201648417422,1
syn_007,A1,104892,30.0,30.62760043144226,77.08520197868347,60,0.7771303087248405,0.7771528200804262,49,99.98796288320253,98.8764785436691,97,3.16707801569789,1
syn_007,A2,104906,30.0,30.32204246520996,83.26872849464417,60,0.8209926418535309,0.8210111453681661,41,99.90689613153805,99.74164034266742,95,3.1330343300257026,1
syn_007,A3,104922,30.0,30.57351517677307,83.21799969673157,60,0.768967647658409,0.7689926479838968,54,99.97540872908161,99.99204248931423,92,3.009140410190487,1
syn_007,RS,104936,30.0,46.882039308547974,46.88227128982544,60,0.7673199716767338,0.7673439756909542,52,99.95929036540967,99.63928759156501,64,1.365128329396945,1
syn_007,PSO,104875,30.0,52.93930649757385,52.939598083496094,60,0.7494441272848532,0.7494686338827117,53,99.65631246635817,99.68390168894882,61,1.1522629221218748,1
syn_007,GA,104954,30.0,49.73058366775513,49.730822801589966,60,0.7747397723150045,0.7747632809264802,51,99.84062284981303,99.29822958247165,60,1.2065010216017928,1
syn_007,SA,104972,30.0,30.00932002067566,30.00962233543396,60,0.6641473712814587,0.6641688729311659,47,99.97203485933758,99.86299441419835,38,1.2662732768959433,1
syn_007,H0,204875,30.0,30.897554636001587,30.897913932800293,60,0.9361894857744948,0.9361979889261399,21,99.72811301551069,99.95672248216458,39,1.2622358131396427,2
syn_007,A1,204892,30.0,30.749065160751343,36456.78379487991,60,0.7898200132360447,0.7898440306995789,52,98.93134326372761,99.32230331966389,96,3.122046133699574,2
syn_007,A2,204906,30.0,30.32414984703064,83.88468551635742,60,0.7853639024275288,0.7853824222249093,41,99.38569707664534,98.63456488220106,97,3.1987706329547207,2
syn_007,A3,204922,30.0,30.74993371963501,86.73791456222534,60,0.7852494746940837,0.78527248015924,50,99.47895171885014,99.97453265418308,95,3.089437553464997,2
syn_007,RS,204936,30.0,30.128893613815308,30.12913942337036,60,0.7646809486732056,0.7647054559046967,53,99.43447543188722,99.84237545848715,32,1.0621033885335476,2
syn_007,PSO,204875,30.0,59.82437562942505,59.82462215423584,60,0.7555675598393577,0.7555915763855209,52,98.73899022559844,99.60639345902132,61,1.0196512601795833,2
syn_007,GA,204954,30.0,50.62255072593689,50.62283205986023,60,0.7987605429435268,0.7987840434847956,51,99.95400387162351,99.99186925439524,60,1.1852425280747163,2
syn_007,SA,204972,30.0,31.30285358428955,31.30317735671997,60,0.7343463914485696,0.7343728981630813,57,99.79477508434982,99.53377374080782,32,1.0222710180026635,2
syn_007,H0,304875,30.0,30.72655153274536,30.726956605911255,60,0.8927530603436095,0.8927615630050503,21,99.95672248216458,99.777133448989,35,1.1390799895881714,3
syn_007,A1,304892,30.0,30.304733276367188,79.92398571968079,60,0.7958028227666893,0.7958248305618391,48,99.66644999733316,99.55403503886096,93,3.0688275376614196,3
syn_007,A2,304906,30.0,30.361542463302612,81.65546154975891,60,0.8001132459422793,0.8001342570618339,46,99.49520803240686,99.3928365037633,99,3.260703902631407,3
syn_007,A3,304922,30.0,30.250718355178833,82.10885572433472,60,0.7659878260936334,0.7660123275591733,53,99.97851699205445,99.87492902291118,95,3.140421291309146,3
syn_007,RS,304936,30.0,53.01979207992554,53.02004957199097,60,0.8302659841574207,0.8302889919052935,50,99.9756964065546,99.24951631361131,64,1.207096397200543,3
syn_007,PSO,304875,30.0,53.928797245025635,53.92904782295227,60,0.7692391569121875,0.7692581657189926,42,99.7736781930542,99.34564129633317,61,1.1311210914429695,3
syn_007,GA,304954,30.0,51.13708186149597,51.137397050857544,60,0.803849729469179,0.8038747323241714,54,99.79553633657721,99.91896442348668,60,1.1733168537561278,3
syn_007,SA,304972,30.0,30.482073307037354,30.482497692108154,60,0.7283816151093455,0.7284116176282411,64,99.82736710483258,99.92074333954996,20,0.6561233482560593,3
syn_007,H0,404875,30.0,31.1761794090271,31.176518201828003,60,0.9117860309885425,0.9117940360327368,20,99.82285965749125,99.67272091306673,37,1.1868035372315893,4
syn_007,A1,404892,30.0,30.74595022201538,81.64875745773315,60,0.7735338585261666,0.773554361496524,45,99.95672248216458,99.7462417860272,97,3.154887043645311,4
syn_007,A2,404906,30.0,30.204191207885742,84.24825644493103,60,0.7940653349099905,0.7940848378330314,43,99.75219193939245,99.95550396871731,93,3.079042883814067,4
syn_007,A3,404922,30.0,30.076877117156982,77.61465740203857,60,0.8028560115510555,0.8028780225905479,48,99.16894328728654,99.72710747655185,93,3.0920763361748516,4
syn_007,RS,404936,30.0,30.977824687957764,30.978112936019897,60,0.7608677088176042,0.7608882132576437,45,99.57130368919192,99.98469237237765,32,1.0329970009947016,4
syn_007,PSO,404875,30.0,52.399773359298706,52.40004014968872,60,0.7736878451349722,0.7737103465029035,49,99.98468534433033,99.87852153528712,61,1.164127172492343,4
syn_007,GA,404954,30.0,53.49324178695679,53.4935507774353,60,0.7722772761698657,0.7722987763111653,47,99.99774520785742,99.98812483866465,60,1.1216370142411103,4
syn_007,SA,404972,30.0,30.190194129943848,30.190576553344727,60,0.7213531748266269,0.7213776809742419,53,99.82923520985176,99.55600328824191,35,1.159316824839016,4
syn_008,H0,6814,30.0,30.33798575401306,30.33833146095276,60,0.8656263487417758,0.8656333724196769,18,99.21099188487973,98.42121800785588,33,1.0877452533457932,0
syn_008,A1,6831,30.0,30.19831418991089,89.55322670936584,60,0.7612369010251525,0.7612569056660896,44,99.93491496047224,99.6009913200817,94,3.1127565402775015,0
syn_008,A2,6845,30.0,30.287755966186523,90.0533196926117,60,0.7570585599877491,0.7570805897594648,48,98.70200004086527,98.3208283938583,91,3.004514434862493,0
syn_008,A3,6861,30.0,30.923582553863525,87.34287619590759,60,0.7786830830481386,0.7787035975156726,45,99.30054316097211,99.25270343246474,96,3.104426850698318,0
syn_008,RS,6875,30.0,58.41771078109741,58.41798710823059,60,0.7576827556861687,0.7577067650404125,52,99.95594814140011,99.1086274829189,64,1.0955581645405537,0
syn_008,PSO,6814,30.0,58.86727237701416,58.867653131484985,60,0.7423260195989433,0.742348521139858,49,99.92505640881903,99.92085211068472,61,1.0362294282861764,0
syn_008,GA,6893,30.0,55.19639229774475,55.19664406776428,60,0.7844457569166008,0.7844662779850989,45,99.65202642429627,98.24112377077456,60,1.0870275665181748,0
syn_008,SA,6911,30.0,30.265425443649292,30.265726566314697,60,0.710035140790377,0.7100566426515148,47,99.84924267196259,99.96464354583924,29,0.9581890746586277,0
syn_008,H0,106814,30.0,30.52543020248413,30.525984525680542,60,0.8790482853729461,0.8790557986421096,19,99.86770855859552,98.80537509211575,32,1.0483062740716385,1
syn_008,A1,106831,30.0,30.305484771728516,82.94592356681824,60,0.763751723559101,0.7637727249532029,46,99.91930767434818,99.9412821397799,95,3.1347460935066094,1
syn_008,A2,106845,30.0,30.019811868667603,83.79073333740234,60,0.8252484007809743,0.8252639034867315,35,99.7676771477317,99.96174712036279,92,3.0646427899843904,1
syn_008,A3,106861,30.0,30.879000902175903,85.66261124610901,60,0.7425062418223796,0.7425322451930839,56,99.68892920615708,99.97400035841723,96,3.1089088764279067,1
syn_008,RS,106875,30.0,31.5123507976532,31.51258087158203,60,0.7554595598695325,0.7554795713520188,44,99.6604107816091,99.19134058520484,32,1.015474859539299,1
syn_008,PSO,106814,30.0,58.13870286941528,58.139023542404175,60,0.7570761607097504,0.757101666338099,55,99.96183955738654,99.475325571057,61,1.0492150149447168,1
syn_008,GA,106893,30.0,55.903162240982056,55.903494119644165,60,0.7564233898849921,0.7564468962773281,51,99.48611848100175,99.8746479296677,60,1.0732845441078571,1
syn_008,SA,106911,30.0,30.368154525756836,30.36843967437744,60,0.7289518060004905,0.7289758074723945,52,99.96967357463016,99.88313601676094,33,1.0866646497076717,1
syn_008,H0,206814,30.0,30.232717514038086,30.23303461074829,60,0.9126058297959537,0.9126153333078875,23,99.95568503599598,99.69312159050466,31,1.0253792099769277,2
syn_008,A1,206831,30.0,30.500542402267456,87.94450235366821,60,0.7644746004422514,0.7644996041549724,54,99.81561180798695,99.8131160842909,94,3.0819124053679747,2
syn_008,A2,206845,30.0,30.217156410217285,93.1984031200409,60,0.7741693019979813,0.7741938069030294,53,99.76739560496384,99.74209959553305,88,2.91225285415158,2
syn_008,A3,206861,30.0,30.213936805725098,87.68763256072998,60,0.7613229964458832,0.761343999125425,46,99.88865409813162,99.84339172282536,90,2.9787578023578285,2
syn_008,RS,206875,30.0,57.36859607696533,57.36888313293457,60,0.7654606478828947,0.7654816621770268,46,98.5938402767409,99.97674650250752,64,1.115592926731866,2
syn_008,PSO,206814,30.0,55.54708170890808,55.547351360321045,60,0.7759001919501826,0.7759192069621624,42,99.15212780964637,99.34667420934191,61,1.0981675026541933,2
syn_008,GA,206893,30.0,52.98591685295105,52.98622727394104,60,0.7528632617753155,0.7528847751985157,47,98.93285565923722,99.72482431086044,60,1.1323763664695046,2
syn_008,SA,206911,30.0,30.39644742012024,30.396724224090576,60,0.7619957200332301,0.7620172245313924,47,99.75831125999403,99.79187250973193,40,1.3159432563662985,2
syn_008,H0,306814,30.0,30.524965524673462,30.525362253189087,60,0.8811241297287679,0.8811316376116767,19,99.5590077933802,99.65270132542554,33,1.0810823020693,3
syn_008,A1,306831,30.0,30.269530057907104,89.48794507980347,60,0.7908436442354262,0.7908666632640884,50,99.88269514511944,98.21443863493185,88,2.9072139485367514,3
syn_008,A2,306845,30.0,30.397114992141724,95.4845461845398,60,0.7323685186501896,0.7323900253792893,47,99.41685125482462,99.91023876585518,89,2.927909442162795,3
syn_008,A3,306861,30.0,30.469810485839844,90.43902397155762,60,0.7486333113992192,0.7486558183119351,49,99.80899774337651,99.49973066287876,91,2.986562717293243,3
syn_008,RS,306875,30.0,31.301783084869385,31.302019834518433,60,0.7707185218514764,0.7707405234688859,48,99.84271873391927,99.99554031890077,32,1.022305978967317,3
syn_008,PSO,306814,30.0,59.967796325683594,59.968151330947876,60,0.7694457725431483,0.7694662770968911,45,99.69974812631082,99.84487759459788,61,1.0172126330724334,3
syn_008,GA,306893,30.0,56.50236797332764,56.50268030166626,60,0.7769790980593649,0.7770021106884455,50,99.19522419443149,99.5418677566274,60,1.061902397229147,3
syn_008,SA,306911,30.0,30.621156454086304,30.621607542037964,60,0.7579771180636341,0.7579991205580142,48,99.99099388207551,99.75956810646304,40,1.3062863925461612,3
syn_008,H0,406814,30.0,30.225830793380737,30.226218223571777,60,0.9249992748486074,0.925008780423266,23,99.76085092146957,99.68168323046643,32,1.0586971196506465,4
syn_008,A1,406831,30.0,30.331586837768555,87.55481266975403,60,0.7711841531022187,0.7712041565042922,44,99.89894172101646,99.76085092146957,94,3.099079533911897,4
syn_008,A2,406845,30.0,30.256465196609497,89.09850788116455,60,0.7578913833440065,0.7579163928685045,54,99.8448065855854,99.20274360965712,91,3.0076216573440755,4
syn_008,A3,406861,30.0,30.099679946899414,87.90061044692993,60,0.78012082414869,0.7801388338948192,40,99.36729701673121,99.6580900714106,96,3.189402683661725,4
syn_008,RS,406875,30.0,33.41473412513733,33.41513681411743,60,0.7331285016144989,0.7331510099632735,49,99.75256026392184,99.41256227373358,32,0.9576613681904759,4
syn_008,PSO,406814,30.0,60.14996910095215,60.1502571105957,60,0.7669653254271892,0.7669888291766014,51,99.85709152134615,99.76796726220668,61,1.0141318592802802,4
syn_008,GA,406893,30.0,61.25247120857239,61.25277090072632,60,0.762419205751373,0.7624397122565965,45,99.60507804368791,99.74439962033821,60,0.9795523154599336,4
syn_008,SA,406911,30.0,31.048911571502686,31.049218893051147,60,0.6541652845243466,0.6541897994021924,53,98.94952041816777,99.56269500672728,23,0.7407667076197886,4
syn_009,H0,4106,30.0,30.128597497940063,30.128971815109253,60,0.8902129379935377,0.8902184501887888,15,99.7767501738875,99.00372473051547,26,0.8629674846888461,0
syn_009,A1,4123,30.0,32.17307734489441,109.5525209903717,60,0.7542572263882392,0.7542827290191503,55,99.96524638059378,99.77166251449589,86,2.673042403686866,0
syn_009,A2,4137,30.0,30.260488748550415,95.38361072540283,60,0.7871221470276019,0.78714065431579,41,99.71353159013391,99.5576496063845,87,2.8750361807744302,0
syn_009,A3,4153,30.0,30.199158191680908,102.26888513565063,60,0.7480206519172968,0.7480471554413275,57,99.84317727537241,99.80441966208838,87,2.880875004786268,0
syn_009,RS,4167,30.0,41.221779584884644,41.22203302383423,60,0.7576085324165418,0.7576340431437498,55,99.41565937645248,99.51161981827128,32,0.7762886591081061,0
syn_009,PSO,4106,30.0,73.44332075119019,73.44360375404358,60,0.7587420541460338,0.7587710564440322,62,99.83725042000543,99.93294973947485,61,0.8305724656249488,0
syn_009,GA,4185,30.0,70.75757431983948,70.75784134864807,60,0.7815645358868828,0.7815865432048154,48,99.79638753952156,99.47181920484199,60,0.8479657559880032,0
syn_009,SA,4203,30.0,30.852471828460693,30.85275411605835,60,0.7548495325767188,0.7548780380181072,61,99.61408108921815,99.84178008833557,24,0.7778955324370657,0
syn_009,H0,104106,30.0,30.38913893699646,30.389674186706543,60,0.892896148441019,0.8929036569181952,19,99.6996695818459,99.45261280399939,25,0.8226623351135628,1
syn_009,A1,104123,30.0,30.880886554718018,104.47196650505066,60,0.759149937562102,0.7591739451439792,52,99.41362422283238,99.82818805835629,86,2.7848941398627307,1
syn_009,A2,104137,30.0,30.321097135543823,101.49834966659546,60,0.8075457832374288,0.8075672844736688,47,99.94802426090612,99.92835173564464,85,2.8033286401222925,1
syn_009,A3,104153,30.0,30.672752141952515,107.09544157981873,60,0.787611165253734,0.7876316697664021,45,99.82358990905635,99.72514328841127,84,2.7385869911917484,1
syn_009,RS,104167,30.0,40.27992272377014,40.28016209602356,60,0.7408588525836115,0.7408838742870355,54,97.88704002445641,99.94261756634108,32,0.7944404516227147,1
syn_009,PSO,104106,30.0,72.18968653678894,72.18989109992981,60,0.8080897809322778,0.8081147938144165,54,98.9944197353704,99.71736638401069,61,0.8449960503556625,1
syn_009,GA,104185,30.0,72.93271851539612,72.93298268318176,60,0.7545474465595945,0.7545699527859584,49,99.39937220165066,99.97799140730805,60,0.8226760392502576,1
syn_009,SA,104203,30.0,30.371168851852417,30.37147617340088,60,0.7183938070324961,0.7184183109410689,53,99.88427534003053,99.724867385348,33,1.0865567986853177,1
syn_009,H0,204106,30.0,30.266143083572388,30.266470909118652,60,0.929037424515903,0.9290469294519303,23,99.96676593617995,99.53963134279273,30,0.9912065741962066,2
syn_009,A1,204123,30.0,30.835298538208008,100.32020306587219,60,0.7914356077022439,0.7914596145878843,52,99.3364179369827,99.97501802489603,86,2.7890114277128673,2
syn_009,A2,204137,30.0,31.447012186050415,106.43253207206726,60,0.7934301778868044,0.7934501826207729,44,99.70301323941547,99.82358990905635,88,2.7983580595626805,2
syn_009,A3,204153,30.0,30.214969396591187,103.57366394996643,60,0.7952615564572,0.7952865673220787,54,98.92225018297137,99.9912619527546,85,2.8131751147690918,2
syn_009,RS,204167,30.0,39.2749297618866,39.27519607543945,60,0.7542319798174619,0.7542559838031276,52,99.66900513470294,99.93242828738828,32,0.8147691210145365,2
syn_009,PSO,204106,30.0,74.15480089187622,74.15507125854492,60,0.7793123619093864,0.7793383685236602,56,99.70927580276047,99.62929681660842,61,0.8226035167829929,2
syn_009,GA,204185,30.0,71.72327327728271,71.72359442710876,60,0.7395816189769293,0.739605621427216,52,99.82358990905635,99.93138142055544,60,0.8365485463559303,2
syn_009,SA,204203,30.0,30.069632053375244,30.07007384300232,60,0.7271941081960048,0.7272191111622759,54,99.94240227398139,99.76097062321972,29,0.964428162889503,2
syn_009,H0,304106,30.0,30.42154860496521,30.421935081481934,60,0.9039877815801801,0.9039977847172183,24,99.96305815410683,99.72323803828027,27,0.8875287826601054,3
syn_009,A1,304123,30.0,30.491365909576416,107.27513194084167,60,0.7807667964672323,0.7807918019378832,54,99.90327217866634,99.54966274077321,87,2.853266733212366,3
syn_009,A2,304137,30.0,30.180309057235718,104.12534856796265,60,0.7766027793803657,0.7766282842620333,55,99.53725370921353,99.97457953067561,82,2.717003323076989,3
syn_009,A3,304153,30.0,31.28139042854309,103.99195122718811,60,0.7567473286892132,0.7567708403910856,51,99.56451471912979,99.26529805002946,84,2.685302630389254,3
syn_009,RS,304167,30.0,35.92785406112671,35.92813181877136,60,0.7850063699881591,0.7850253715590928,42,99.9201940509989,99.92271257706142,32,0.8906738472483227,3
syn_009,PSO,304106,30.0,73.33491444587708,73.33519434928894,60,0.7559435064581146,0.7559640230866478,45,98.77039577627055,99.56675090912528,61,0.8318002476844705,3
syn_009,GA,304185,30.0,69.61507105827332,69.61534714698792,60,0.7906301347942264,0.7906541366546498,52,99.82358990905635,99.99036774844295,60,0.8618823350733242,3
syn_009,SA,304203,30.0,30.81100821495056,30.811343908309937,60,0.6797156564102802,0.6797426586248424,58,99.79526993172814,99.98327384023457,27,0.8763101749750166,3
syn_009,H0,404106,30.0,30.404172658920288,30.404520273208618,60,0.8917879418035368,0.8917949486156223,18,99.97435018525238,99.34444127755808,25,0.8222555594738489,4
syn_009,A1,404123,30.0,31.379961490631104,108.78535842895508,60,0.7514151994446591,0.7514382018177213,50,99.94198239985275,99.82071138907898,88,2.8043374121499016,4
syn_009,A2,404137,30.0,30.539254426956177,104.26185369491577,60,0.7706039814192251,0.7706309862646116,58,99.64701673766285,99.8684446144019,86,2.8160477920538267,4
syn_009,A3,404153,30.0,31.455479860305786,105.3531985282898,60,0.7556121053123128,0.7556351190264796,50,98.94772694227079,99.68085637688418,85,2.7022318647652543,4
syn_009,RS,404167,30.0,36.62832856178284,36.62950277328491,60,0.7725302958693376,0.7725562993655744,56,99.70380128947062,99.9465750393911,32,0.8736407380976721,4
syn_009,PSO,404106,30.0,75.4570255279541,75.45730662345886,60,0.7723174789955646,0.7723459876969394,61,99.75636233945744,99.37350018773063,61,0.8084071638551629,4
syn_009,GA,404185,30.0,71.46583843231201,71.46628999710083,60,0.7754275447214969,0.7754535484913108,56,99.6683213831185,99.95469722584413,60,0.839561968573674,4
syn_009,SA,404203,30.0,30.041036367416382,30.041338682174683,60,0.7462751128564228,0.7462961201731428,46,99.5908001845193,99.67752780824979,37,1.231648587201591,4
